label,feature_1,feature_2,feature_3,feature_4,feature_5,feature_6,feature_7,feature_8
1,0.44981334467171885,0.5430999481829213,0.0,0.5903195267225516,0.4301484002638629,0.3210602800737356,0.8561388873024205,0.31061691247261
1,0.5311309761330284,0.18458289731486904,0.21061557789484892,0.3926988366685927,0.6882754615147043,0.18385677417713395,1.0,0.37529924672580844
1,0.41198442611670105,0.39694046329466803,0.31910834988736814,0.4536114966145648,0.2887057250503316,0.2213184537874525,0.8336130716063322,0.1788637705661938
1,0.7758691275937087,0.726898962683247,0.22342290442907928,0.4787426468961095,0.3564809838833238,0.4280616049201652,0.6885797447983326,0.6664214708801317
1,0.48541811102634924,0.10759767482449636,0.5334780523297428,0.6892369794128276,0.7693134405656447,0.4342679278634948,0.5856806232322446,0.5483777847398287
1,0.42429523722458456,0.5821060262565432,0.2592538748914496,0.3603852375619542,0.3942906665140728,0.24488971163423448,0.9363638831344446,0.017842609925939716
1,0.3898442754176804,0.16520605387399195,0.46695282487852474,0.7347383595588801,0.7051230841487749,0.4496862686493348,0.4755286113611074,0.5336467012608165
1,0.5862808122095247,0.4016417946549496,0.40519582950390265,0.6571470916818043,0.8510936235148486,0.4702175937837846,0.6165776897402223,0.4748775243108904
1,0.631687236606004,0.4438264959017251,0.7278839068415304,0.6321702657912621,0.3181600312138739,0.7891924996567167,0.356002950300256,0.4605140566717664
1,0.4800516515257303,0.5098761803620778,0.5117269500816963,0.7168168175277952,0.5255990756798075,0.45652524051996823,0.5036439386414514,0.6021543888069141
1,0.5034368619095201,0.6406211769231521,0.35544197762372864,0.6167048874015454,0.314668942301708,0.41066518396348606,0.5992827868131063,0.44261978627261744
1,0.6291093529357185,0.045531654775273246,0.5980145512221866,0.7568164748956298,0.7160709578226037,0.6338439289943761,0.5299922057244139,0.44377394894748995
1,0.807990123817639,0.5579518960622033,0.34830651338455776,0.3362988534642788,0.2795262480625075,0.47233000665278274,0.7824086805623806,0.588059228129039
1,0.3488874897151957,0.5951887045354568,0.40339915995054343,0.441916836257733,0.09629745168920684,0.3609215921156565,0.7115335793355193,0.28508860811762565
1,0.37271766671046214,0.2626700491486905,0.7039230532886913,0.6265354850061022,0.4088257304418099,0.43593681525895916,0.5077713135482828,0.3481369174708514
1,0.4483842598118022,0.8048633158698726,0.3717676523656977,0.5595142238369237,0.1209980853509102,0.42686807826395945,0.565122596884979,0.6547959040463491
1,0.36938363892985887,0.4141948127284777,0.5632271578001989,0.6197712546727911,0.43447450118738895,0.5048215567986803,0.44985294565038875,0.649071990750891
1,0.7245483403636005,0.4831201839164268,1.0,0.5549395542673312,0.36114586083793954,0.7321280188592891,0.1672935033629314,0.9417681270231297
1,0.6509074010959427,0.3268056192657384,0.5739137928232738,0.24560145369313566,0.49173054408583544,0.42745428838408733,0.7543888609770343,0.3178581309214217
1,0.592335789710926,0.5294911799958294,0.6170416516814841,0.5684664372977798,0.4764785004353797,0.6206008607230339,0.439357819766633,0.4870283656155982
1,0.41027022382837647,0.4384261301858041,0.22907380105995176,0.6434768176063314,0.4058895597305136,0.4289272609671337,0.6780625074311601,0.3967320467592882
1,0.43266736783858106,0.7393109025585954,0.09981936049370377,0.397839625875666,0.17014780127915383,0.2785405673393868,0.772351887847859,0.7701346663179518
1,0.2840738390333132,0.24006223536186366,0.2584591597075205,0.4805318439274504,0.5197140561090304,0.18387096203784845,0.8947019072321575,0.2365957270526307
1,0.48458021989521244,0.4086443857375321,0.2941428921886625,0.6879593624108299,0.5719348357155756,0.3314436313920779,0.5904502695854135,0.9181782442021271
1,0.4495097767172854,0.6911639411448839,0.26536582081636473,0.6279113526185903,0.3946875367716659,0.3300078534172673,0.7109619055032639,0.5023588283008067
1,0.4327444198531933,0.37228173424606875,0.3546116478656166,0.3812144414515556,0.4550994069386281,0.3456044620509874,0.8745827832154056,0.08606024713961465
1,0.36265354316677784,0.4530098438947463,0.3964363505685035,0.6066443509841037,0.5203776226681157,0.10655084664295256,0.8234895617232892,0.5759957998361965
1,0.7156462041263031,0.7398342340742775,0.4760411386303528,0.5106659322829887,0.25487012980463314,0.5675203508430586,0.5473772475434737,0.5504702668377
1,0.5263932143698815,0.4061843782480355,0.5264893762288035,0.8656166661785644,0.42006283813332707,0.5849386099771916,0.42007865242948805,0.7381654318001418
1,0.5472433344122107,0.377067832129624,0.33971604063378413,0.5733736813991785,0.4942787461049642,0.4202948046848649,0.6500101713162534,0.7476215120126946
1,0.5611659698180819,0.3370500432181025,0.7616595881277994,0.5445186628565788,0.37317498059474236,0.6751925512820529,0.40672804789816625,0.5448005021835449
1,0.6353329933763713,0.4684721203423031,0.29807280540731,0.2995581454748995,0.465147958770794,0.249969153031504,0.8892597493271652,0.5008892529338953
1,1.0,0.509827635270366,0.5431507714529901,0.47175846053987724,0.3339363493857393,1.0,0.44066982007412847,0.5377196274478352
1,0.6178898330264813,0.31542644157027466,0.8489290349574321,0.5588298115033141,0.6405870324051522,0.6518279027325675,0.32579869545248086,0.8118985574531749
1,0.6712003027216048,0.4474187868075563,0.5411414521193336,0.5853955998763097,0.5351307334143318,0.5947970858600048,0.5823657276097604,0.48682833670952286
1,0.6430082729710798,0.48486135418524323,0.5861673534982756,0.6497672464215186,0.40553913557469856,0.6681941842699795,0.46711371905257293,0.6287460604460174
1,0.60731191409986,0.494956422544603,0.8380024461182954,0.6762350466712721,0.4217244659876903,0.7454471731608907,0.2682451502905021,0.6424989582868617
1,0.5963004737486982,0.0,0.6094642356230674,0.5967967873993241,0.6968423628670701,0.4308493050425613,0.6681449670297106,0.4866740529987217
1,0.35262913900882925,0.36110978401506566,0.39444557268598945,0.6252828451216123,0.5800677940270865,0.41237178661841767,0.612227877475239,0.4321324622845221
1,0.3733785836923255,0.6027324975784116,0.2656959654516574,0.41371907905952393,0.37156183163202516,0.21674692008368399,0.7931498621209411,0.27643821946809605
1,0.2859463232241422,0.43282793360889843,0.4425894856568103,0.6642521153512658,0.45840564056576616,0.31198289246580746,0.5727866106305701,0.30085507214218893
1,0.6414148491600808,0.8615748529835351,0.7305050598338722,0.30715986067977435,0.21269155342450022,0.32989736277297893,0.6719398347402202,0.4846149746140892
1,0.36674616887569217,0.14145240013470997,0.29233212056567065,0.6943332926916352,0.724699759512006,0.408875497754899,0.6577688056891163,0.5107258877048859
1,0.5160940346177076,0.4174280261493078,0.384689752359908,0.7413900595795466,0.5558745264452426,0.6475469215260793,0.518159801998113,0.47625859632177503
1,0.5294566090908945,0.5600441547489188,0.6047188482205914,0.5472830328454372,0.42613961097752434,0.415067778560042,0.4845223602492068,0.6118979888793022
1,0.5438023704972937,0.41704642463993247,0.47885389987140986,0.5800318030804059,0.7028521891149416,0.40050922981514864,0.5306217765503403,0.7491959313874188
1,0.717210360866389,0.5264359516218833,0.36265396701532215,0.5459082571934931,0.6450629874964269,0.47400291556637403,0.6949129515566859,0.6207799490450756
1,0.2728364392016599,0.3105609056855711,0.299592431820755,0.6824116203746241,0.48674860486518734,0.15685928200464083,0.790453217117129,0.37394175711540745
1,0.5990947765764891,0.7406929579617707,0.2991861150173941,0.4224162702426252,0.26100746044213224,0.5000145009173995,0.6761511739713288,0.5110025299086062
1,0.475341681114475,0.4592592747395157,0.3404229853847342,0.33004101463431074,0.39028023836604214,0.2715077378369895,0.8956269691190967,0.056175995527343266
1,0.49190744083892163,0.28397285246519494,0.38853390950854233,0.44915289595750174,0.6732211627248841,0.32871846043528435,0.8534995292220688,0.0
1,0.6159070236410632,0.7836407511077507,0.09139326318447256,0.4046934405680405,0.23373651313014465,0.29697731464594457,0.8778145617876887,0.5124274863060536
1,0.42255166885928924,0.5609244809636071,0.22100382244189562,0.5885094676605485,0.21431926467439683,0.49551263372471166,0.6210951582677675,0.3413083645315539
1,0.348825665899875,0.3278383209568754,0.46503234166286755,0.6339423930047133,0.6522826032493549,0.28921526766514855,0.5870719834602034,0.5096939417972824
1,0.47531241634348703,0.3051361806305927,0.3636375815019199,0.7142183210585384,0.8823450067335852,0.4394929382532935,0.6546650691343063,0.2838701186193366
1,0.5938750821994285,0.5037886606990323,0.2744783705398206,0.563378912329235,0.7406617112771087,0.4673389788594136,0.64720883338239,0.3004124842825717
1,0.5036799824255217,0.463118843257013,0.4020789482209806,0.599022837718436,0.3833351628460524,0.5895878136625241,0.4980201830476204,0.47694587170863545
1,0.3854960354949831,0.2770860561812043,0.4129951517839966,0.6992206853481616,0.716928181273402,0.344378983981701,0.6535597594561469,0.4289978419348656
1,0.6697937795140885,0.31501596472544663,0.3668311992466979,0.5075145756373398,0.46501403566609295,0.6629271676111036,0.6624623568087699,0.23242326406941605
1,0.5707080037781218,0.5779462513967422,0.3975086711694864,0.45409524627323483,0.47327872983586905,0.2814093082337591,0.7657992306520348,0.5992423307676858
1,0.629698411343405,0.3757261249391084,0.43053213906760396,0.4020453885669761,0.5304845087939735,0.3411512692491849,0.8243669946119683,0.36232608392624294
1,0.5579776315907157,0.35836970051925304,0.23923673264491213,0.7267615268902999,0.6545127817457299,0.5486924013025412,0.668414130674119,0.300169918007292
1,0.5151272693811296,0.6319357635007479,0.8675526714481113,0.8260911072305314,0.29806510188615526,0.833301942339798,0.0,0.8803263319852122
1,0.6470144134162725,0.42804122033237574,0.4400337869291393,0.5072292153878191,0.5656215338087818,0.6339084568019208,0.6627568440247742,0.11556899014789093
1,0.4445209641155979,0.08688364240534538,0.5904610259541108,0.7529358614292483,0.6492776462700383,0.45195251667513736,0.5772971436249085,0.6552770129436012
1,0.33748588989807055,0.46313457886788006,0.056583606580041815,0.6367690880121967,0.6199657632521623,0.32241706426519173,0.7793264630016223,0.2752965784766589
1,0.621116075846171,0.2239084107766094,0.634727764404457,0.7035583692225384,0.7362085883252595,0.46992005042026996,0.409482477330613,0.9439460380956993
1,0.30005773616680037,0.20166414829664944,0.6249844122789927,0.7865843062025035,0.6707697976328705,0.4933862922140742,0.4163487208627359,0.5109777045576402
1,0.5052932357379313,0.4553641166186663,0.2316078869512163,0.6597942098216972,0.34241392490446054,0.5625861303007632,0.543359043083515,0.48569246197329513
1,0.6131496259071461,0.4801816015347389,0.5265808403775061,0.44156794073894673,0.37938939310362296,0.4812919563856167,0.7013085975644444,0.23015905074878756
1,0.6897727939175159,0.6275751792269714,0.4594762053508215,0.24302730083113647,0.2655719402741233,0.405093272858453,0.7840164757441812,0.3394875444474936
1,0.6087917189357664,0.6810725365433293,0.44046648725737486,0.546541668789384,0.39720224245564895,0.3995655825349193,0.55804242929092,0.8309443278792218
1,0.4497573596581707,0.39938596222414996,0.7164729500585624,0.6469041033019484,0.42326494280031657,0.5505521215218374,0.40416882622888434,0.4946260486146362
1,0.44440860511412167,0.17030250959959015,0.2415773142226091,0.6588688809275046,0.8588983326599184,0.2822338934836222,0.7465485818959983,0.4336945823859426
1,0.4290298885950742,0.4756373041626454,0.2631068671140409,0.6164524900964807,0.5764699928645505,0.2918703534893166,0.7887054451369985,0.1931518562957855
1,0.437260239803749,0.4309837914005989,0.3062157298603976,0.6995853942023103,0.4152279824703145,0.5041129442085641,0.6054303459731649,0.47932043336441427
1,0.4854679737270426,0.5999278903078955,0.5415060201845804,0.5280107699705229,0.3496742555692038,0.5227619400535748,0.507816524070823,0.4958005085515974
1,0.6439247227401317,0.5181568765546335,0.43742917693812533,0.4920689759414475,0.39661218801933035,0.629491363997976,0.5451695637701727,0.43513516074167613
1,0.8418139131411899,0.5265561686262817,0.5674437506857191,0.5261332456458394,0.4499722496517328,0.6135975543312633,0.44501466135781165,1.0
1,0.4506641261826453,0.32561603772515696,0.7535382442862129,0.6170678005101188,0.3450348201846544,0.5709947796755477,0.425625329591792,0.445699375379353
1,0.4582751161654099,0.17877335250602502,0.2823384668086217,0.7401929191334201,0.6339554280330958,0.6079505080959312,0.6309775203198137,0.43392060424828893
1,0.5346123512443796,0.39072984772249275,0.4847901047255428,0.4939590751524858,0.4240545172661617,0.3623600758918671,0.6387349445981532,0.6478355099518834
1,0.4781986960333816,0.32639949231289445,0.3059056902904974,0.442883238850675,0.4988721572257228,0.3434206356516659,0.7661310714139644,0.4615656455485516
1,0.5256287907673546,0.5869723097399563,0.3336294047233055,0.6850504761860858,0.3739056397816293,0.6883188423737393,0.45304523006275926,0.4909318845555211
1,0.5051367881747337,0.5604262589971499,0.42380729713273546,0.5896174745179074,0.30617020945483087,0.5947153865557332,0.5316890593856036,0.5376057203588716
1,0.6855631215625302,0.4535144266023664,0.3979630071402918,0.37773278987719616,0.33995450472204347,0.5112058327740325,0.7253527659380716,0.3304538798048017
1,0.41124966276482566,0.17541630215620554,0.7325007802145886,1.0,0.633148830601537,0.7468887959342644,0.1739499958575934,0.5692874797677369
1,0.5737341653977206,0.4911113071368558,0.5140019758471518,0.5621573202583602,0.45890335754544037,0.38566244258326593,0.6235020730849102,0.5534351735205377
1,0.5583138060266698,0.5865432782406276,0.5952836092798386,0.4669839272430193,0.5317561139680759,0.4316298760272599,0.5673834607359843,0.6160239133090852
1,0.5419673449612344,0.4378399454949588,0.28995140833512645,0.5197689345906994,0.5903845533634807,0.4150641668337643,0.6933471793588845,0.42515666131378355
1,0.3059780482453678,0.4542326032851684,0.5281179422783714,0.5810996561771726,0.27828918915683576,0.44077431113359233,0.539955492495422,0.3638079007062269
1,0.6027319743164609,0.49832862497930847,0.17041628465728823,0.44355455304835606,0.48635742346080374,0.43699838734597213,0.7777523051314725,0.5146276864089836
1,0.3903762794412238,0.587853003632599,0.24548474873674983,0.4959621009433974,0.3397495211373859,0.30473975544852133,0.7351208495605649,0.5654088062104111
1,0.4166742006886357,0.4153606367840825,0.053285332973629466,0.6981475236646132,0.654904185165251,0.4619320791873349,0.7725210707763425,0.13605735796932758
1,0.4255859600503906,0.3692999920409404,0.5036526632635987,0.6156982773285417,0.5696132422469394,0.4275397588827584,0.49976190532316117,0.522338775574898
1,0.4846249367608987,0.3733209103482149,0.30165388019434963,0.5550029949175173,0.4112340283991374,0.4947795634540982,0.6724835658581639,0.2793713388815046
1,0.48700986133198065,0.11932212930745971,0.3456932169005858,0.7973622050655981,0.7000436253117027,0.5691369742783255,0.5553879114421083,0.35690613740072863
1,0.6836187542616498,0.49364462656494595,0.5826085259586737,0.5679293855009592,0.5123318852974246,0.6104565002046739,0.579238671338827,0.2586332181351771
1,0.46319350948884913,0.2101215076963777,0.3508563950348682,0.5458871151947929,0.6891024678683427,0.38459958578245973,0.708629059076832,0.3240397653420006
1,0.44181089629414977,0.5766058026608101,0.4089696349108,0.8106153278644516,0.0976890060869654,0.5520927272068572,0.4981718530550618,0.6856356006208429
0,0.3244401446945846,0.8322927333864957,0.477322163719812,0.3367320072707992,0.5590597846758155,0.2667131937978905,0.5300455424964757,0.46452883553172813
0,0.3101081088912688,0.5562342826000053,0.4334379801222008,0.2838344991086389,0.4509016711639429,0.23126858885183182,0.5265519517183654,0.504931385646551
0,0.24488880286086462,0.5504933546401498,0.4940000479946098,0.11113730631196166,0.3828202008968674,0.14488580147812877,0.6364273584892838,0.3550044557794238
0,0.5109315369007528,0.6235978710387369,0.3475164740556034,0.3077334933736515,0.27411973149447433,0.20845030453888758,0.5539492284096261,0.7289390096999174
0,0.36644245301537137,0.7502185768595114,0.3579234727603335,0.4393694063395793,0.46947771716040654,0.3394741249395004,0.4044160353979981,0.5933449694799051
0,0.17870391814195752,0.5778689956359747,0.6241112150856108,0.316458232536159,0.28628008947584166,0.38813119935783236,0.6545478938517285,0.7065458268358902
0,0.17081058718302383,0.6562720771377302,0.6548525287132765,0.2518797178010067,0.421845058112772,0.39315797256249413,0.6432431494837173,0.3236181559857694
0,0.17653207714696614,0.49414787293527085,0.433570841518034,0.28071347940025027,0.39679931976333366,0.3166885148973417,0.553546806132679,0.47018113829759944
0,0.056681536099866994,0.5294355524330544,0.8658187229799935,0.19816770430880692,0.3326170505512993,0.26117612519077127,0.7702339643493953,0.2958358027846986
0,0.4411303708202537,0.4909386532857999,0.12431221786393822,0.25281462475443567,0.5591219012389606,0.1253805015315408,0.3776039917460551,0.5349470057610575
0,0.46958347029665726,0.8587417535763622,0.6843126805218711,0.507487051847431,0.2819188744505354,0.32673508123975586,0.5499883346506629,0.388269197881277
0,0.38778307859519706,0.4400338534031847,0.5417986573991477,0.25363454530373786,0.13562820898724984,0.2900468227390039,0.6620086183167267,0.4734583526475749
0,0.5122524682798213,0.6990903592405284,0.31297260243800923,0.4769637386361835,0.3904730920998036,0.2999665493604832,0.47078154495581687,0.6491576950268703
0,0.3568656275570644,0.9750942081309851,0.2980451063888291,0.6703013667112724,1.0,0.2724681215845722,0.2056487000973826,0.5349265437644057
0,0.11491196645913733,0.7494594084078124,0.5149845205558015,0.5211100786690899,0.7068064565942075,0.34350809976429614,0.5224456987567982,0.6490509749517157
0,0.305690542683932,0.5031325329332362,0.5835249871811178,0.18271282637018757,0.28340136459173765,0.22450659330681846,0.6605359216358954,0.4486652461320318
0,0.29143303826368666,0.7269833519140811,0.5650475111139608,0.3432346422214678,0.45305818879875925,0.32264823012542665,0.5858417804293036,0.47367692712808074
0,0.1505489043187108,0.6680800288395634,0.7503638233695783,0.4409756153400515,0.5619984950343,0.39760835900632246,0.5422906880916795,0.5163022717546163
0,0.0512392184645462,0.6520309050471896,0.8009223957787395,0.33436807500200144,0.4622829161971706,0.4457958164149429,0.6601945549275476,0.3622752676982698
0,0.404200043064948,0.45462726744703186,0.2409418784748893,0.208016980763491,0.28983422352830984,0.20922374743351807,0.508427669821508,0.4563495195312402
0,0.30125117080821856,0.4538423868396373,0.1353122169265785,0.1290326811943636,0.6511607256787614,0.06965337079656497,0.3521556408001167,0.12833587638846902
0,0.4116237401422429,0.3684201353867713,0.0961093281645383,0.3121093344798692,0.3006582409353604,0.25326117499491263,0.5119483095151791,0.9753133278027699
0,0.4963614921301106,0.3008259777436498,0.02826566810090208,0.19095959377797264,0.10237106263227456,0.20630084379658853,0.4607163371181429,0.8818398899877268
0,0.11165949415409214,0.6365665906944917,0.23555401397031395,0.37324912120708703,0.7461397211351852,0.3268837218240719,0.3665837004889923,0.43512550417145757
0,0.0,0.5106925911415288,0.7516521110170548,0.32160723403005004,0.24906998493853966,0.5102903267959804,0.782407722996909,0.7874655632165138
0,0.504785528359034,0.7190138673270835,0.26675807638313936,0.3691362912269563,0.5014581964401041,0.1473223114491863,0.3483384949976144,0.31574815663103417
0,0.378036363665596,0.5958994091816995,0.3699101617730969,0.24755054495683187,0.5432989176995792,0.11286387366694821,0.5077268105394384,0.490002088510519
0,0.18720476521056786,0.7525000742721851,0.673591912357553,0.45000278053809023,0.5632780388941637,0.34483539217843034,0.5457336773914362,0.5882905989541005
0,0.46962919290225386,0.7526311663717923,0.2058686273567689,0.4952754441841746,0.6109121692818652,0.3639706167860142,0.28860465608298025,0.456389608863305
0,0.35772922191974643,0.6537539044932984,0.446805866574252,0.3023317113410241,0.40299549603442425,0.3265530331965724,0.5148982440675863,0.34562443441899454
0,0.310061045703252,0.544726248502065,0.3849785558928601,0.2909413209825869,0.6151465423521073,0.1590462205218598,0.4690488140233075,0.4238484990790149
0,0.16074891571309405,0.9315129875477696,0.6590733524496722,0.4687269673069788,0.8582970095330649,0.3183271829262161,0.46800428579901576,0.2812461549099871
0,0.2994191388625682,0.7484690914771345,0.6118314631917802,0.5952710185409118,0.42087686207773917,0.3647685062748591,0.5353889017340293,0.7941069110866072
0,0.1392550210628168,0.460043634479985,0.43840874965645066,0.28645993499710976,0.4155426449426898,0.30528968421470076,0.5301090841621167,0.5688952825752107
0,0.21494386445960562,0.746900880537836,0.41465207211044963,0.4148862642518246,0.758795014187804,0.2807084863856353,0.4276317012326359,0.3759528384576261
0,0.3580135090941275,0.5843945306918342,0.2748316250932199,0.24660132304565516,0.5684088184280645,0.10201803716630997,0.48218890256937363,0.2829742555053342
0,0.23878209362783012,0.8357721092394521,0.4007299597147563,0.4495398113826019,0.5078023602477512,0.48150027801355294,0.44982151104632495,0.5495984813967486
0,0.27615187188204876,0.7649586464693053,0.4551056629220587,0.48401294146365387,0.5146832390431059,0.422921558120253,0.3783291145121688,0.3419221291058083
0,0.2339794784247675,0.7264388553011137,0.4694391557695688,0.4034581978860188,0.5561109765202655,0.3104976850425645,0.5361671893139781,0.6788112150187956
0,0.5324597411642212,0.777598978040667,0.5533271301441436,0.525351529527784,0.5119866221200273,0.2259493858242064,0.48082115953594184,0.5040827256869269
0,0.2574146019780832,0.8644519335647515,0.7110433143412412,0.5254630597364173,0.5482814162973855,0.40876677223552565,0.5542141040265096,0.6405058787606135
0,0.39815905155153286,0.6022799743939122,0.15801969622049683,0.3289797958982349,0.5679016244633931,0.16737955138357746,0.40419345037635984,0.5905990811481341
0,0.5803034029116019,0.7216236941730088,0.4318360373808054,0.39103586003438584,0.49521318829199235,0.13021726609012663,0.344824895790792,0.2526323232554221
0,0.11448125241191853,0.5112644222410659,0.4404730429176763,0.4014914458722179,0.46800899800366724,0.31786251173405106,0.5163779811309758,0.6546574522477202
0,0.21968609942766198,0.695850036883569,0.42638773658144347,0.4259191140664666,0.44287550485781113,0.43877554605169483,0.3756051919326531,0.5712724323507213
0,0.07486338529110825,0.5420032022962742,0.5782791477209605,0.23330244250205756,0.6335200866501142,0.19749596627437263,0.6520144608889545,0.6257575839094726
0,0.09208666502088676,0.2040076195399773,0.38862567082690036,0.0,0.3276631735718768,0.1775755168226266,0.6904082457360059,0.5794777922388525
0,0.2792914575897273,0.5619991146312149,0.4273535698568873,0.21652228636264573,0.4473119341818549,0.2796915726242373,0.5409214261817407,0.29687961233767957
0,0.22655590360813146,0.5429058091824354,0.3048982905143509,0.19795308432799033,0.5925525402844153,0.21352253388378492,0.5237441240761106,0.4277316069111507
0,0.089297251112889,0.46894858251996685,0.5245409176796623,0.2238011793800995,0.534162564621151,0.3270054220223871,0.6372163862739532,0.6126450100724832
0,0.5438896848698255,0.4548893913386647,0.128265051122143,0.2467702631253955,0.4367897800528932,0.04960136611201826,0.36373470442049743,0.3562547131740974
0,0.18642511842561046,0.7809261357295779,0.4602797794190927,0.3703805662472883,0.6181655469304455,0.33936638394488156,0.47005403139650953,0.5070860916656759
0,0.35774444753334456,1.0,0.3282026187021229,0.6542576283624592,0.7741883914681597,0.30426118167809973,0.21897870510162343,0.4736357442473843
0,0.6431052298043702,0.4801383797135592,0.21159340891837236,0.22188618513898947,0.4077355993925822,0.0,0.4557280039601308,0.3818489742819426
0,0.5887868195484123,0.8680912730375167,0.45683243920693967,0.8396799880282775,0.41742027051763847,0.4100600538029626,0.31172982211824507,0.7654126334709125
0,0.08142083094691317,0.4815479303292145,0.35542037672350246,0.11191841829836938,0.5300028570229935,0.2518917857381846,0.5790812531823993,0.41255017455049614
0,0.3039957175366759,0.315737246229429,0.36695057048927493,0.09518003789648039,0.4440348315549034,0.12552561016532005,0.5594277281024953,0.342042027804922
0,0.3199013371603294,0.5260144283768831,0.31198919280834014,0.2221947731691609,0.510489337280999,0.17135118909025152,0.5480089920111225,0.4512881500869745
0,0.20624989084185813,0.766326414112215,0.2101768399416047,0.3526730667129415,0.7436800110696478,0.3181121008278873,0.36141012945318984,0.43614338452398294
0,0.563929413570879,0.5431426658828991,0.24734592758205673,0.4039371720146213,0.416846318916177,0.07560556810211215,0.43636536711900825,0.8558423526777351
0,0.3710581253032386,0.4935948690673613,0.4635941009006937,0.2856616202688564,0.06184702400900329,0.32187410217615237,0.6120120937700954,0.6405393776863898
0,0.5468517792757216,0.5198483289610114,0.03148484931790918,0.30309564459433,0.49338890310565386,0.0621388716984125,0.4254421859158586,0.5023764732567574
0,0.31388069556469705,0.6266286649914722,0.6449852830588733,0.26357866555940396,0.3393785144642909,0.28345450968242414,0.5715087954116492,0.0765390359029188
0,0.2585913026363315,0.7854064517260646,0.42231587312428087,0.46016631771485195,0.6506553673598766,0.2782402612708497,0.45091806820065145,0.5397812874780682
0,0.7169685053424137,0.90913340951097,0.21286166369547724,0.4911643994269353,0.6408300898911848,0.06320211429531829,0.2944258685445356,0.244941202938234
0,0.5098289631559791,0.6231856458448101,0.1973351097992574,0.35003640312316975,0.5627897681230856,0.20704443427902433,0.23315931160851414,0.31278134035634336
0,0.38846202260174056,0.6753351555795551,0.552928233150541,0.5868286504748162,0.428897981820706,0.33756537938823566,0.4565543104565163,0.7037051439994293
0,0.7560001706381646,0.8780530095064878,0.3394762473070479,0.3983228925648845,0.421831357979883,0.08116799751349404,0.31658002029116783,0.23102873617634032
0,0.5290756490141019,0.5106605674986404,0.44396305497434485,0.316961287724227,0.3579967022533824,0.008140884599820323,0.573680126230307,0.6811866308290183
0,0.4095729142655475,0.701214179797892,0.45720177721101735,0.2745455906179955,0.42227103754059336,0.23530518014884502,0.4963325859155242,0.31076771726993263
0,0.4854753152882467,0.5075267976550477,0.36808637616018813,0.20590090189332577,0.3886494146756227,0.1841956885053128,0.5483794253347276,0.37889104194059137
0,0.25252054477214664,0.2870831236334931,0.26969139360218997,0.06952263324417185,0.49506335973409,0.06785881775509463,0.5849632665014068,0.5177933162880648
0,0.2303758810002715,0.3617518914423996,0.47539605716262207,0.10547425240500066,0.4436280773024834,0.1175252970948043,0.567716081831836,0.4159766811712561
0,0.2663917965623384,0.7752264687926094,0.40384601113891505,0.36858410226575056,0.6287100433889294,0.2908682140146104,0.4474927756601556,0.41209679145390654
0,0.4506471997538915,0.3209507371876664,0.18631376769377986,0.18928780303277357,0.3801761185361433,0.1212836199442023,0.5073584285942583,0.3448680341528139
0,0.03846555593698922,0.7005647906603902,0.533789866583874,0.4131003862644128,0.7537235712369352,0.36043200383201596,0.4702430331979139,0.3981045952201546
0,0.5039795237468278,0.39725928531770066,0.42637583829357323,0.22921197161308207,0.0,0.2429025743165568,0.642116848026008,0.7792034072336662
0,0.38308351926560613,0.7376561643149222,0.4436734819273952,0.6356529546135742,0.45788707609689616,0.37461719188088416,0.44757724091060463,0.609397225313939
0,0.38418975317952403,0.5813192500036534,0.41418773856013136,0.08445600565892249,0.44131595751257163,0.12372818677017693,0.6160626198247854,0.266505588632361
0,0.387289891684379,0.8804077101851229,0.6646376199344631,0.5778621678695909,0.3473640177529635,0.44411242874426715,0.5334311619793343,0.6929100757138903
0,0.02819206766679219,0.44093024558890503,0.7179005137140239,0.33709492057777785,0.4464266310092469,0.3528377218356192,0.7511869605237025,0.8808386824915352
0,0.4929725187089738,0.7583977638209619,0.559753343901675,0.7144718881413131,0.3282340636354894,0.38526708269004745,0.44912048260948206,0.8609605611938251
0,0.6489456118770768,0.718825772994973,0.37497421278820225,0.3033624336296474,0.2680219126141416,0.14413703542653394,0.41297291550180726,0.2549331285716397
0,0.4917681969603149,0.6914196083833615,0.21733610102173792,0.15691572561120173,0.5600272215276034,0.10757859765671682,0.369749601367789,0.006014404152826298
0,0.7562188413446211,0.9204940087366521,0.42680151393730453,0.6523608921874403,0.3717099552071329,0.2467054869247219,0.26824583279064307,0.3684000667874924
0,0.4071502617305804,0.4196750829570524,0.552926938965873,0.3321077970446117,0.12710202742325657,0.23518288998638165,0.6428712135367771,0.6481765024733772
0,0.3204080711978916,0.7830254975817085,0.3655573502636372,0.5374636348245848,0.6186646391384651,0.35959203807568524,0.34782970830763865,0.5361956596470103
0,0.22540925528542075,0.7358665008866706,0.47655836064746143,0.3806317611457818,0.6668886879604006,0.25956571044952836,0.5020803160800463,0.48968502600626806
0,0.26495560638333293,0.43780851900442025,0.09230791501839611,0.2945293025412114,0.5991879358756829,0.1823182384282531,0.41597014205823124,0.5979697857399464
0,0.21344461847881332,0.5500348047932213,0.4027269809926106,0.20516346945839625,0.5303485874790839,0.21827688311584317,0.5603603934031889,0.4605766378748232
0,0.3295114636033049,0.6552490133448611,0.11625082597726649,0.34210020181287787,0.5697320852908474,0.3207523855410229,0.3330598284403793,0.323523842887421
0,0.3986669894762738,0.6800066463344174,0.3724633613567203,0.3807750901842937,0.5844806489698351,0.1416820791548562,0.43855635697713463,0.5101265190174089
0,0.2982542511467918,0.5649957674620587,0.5282187545295252,0.20975707662257942,0.43670425329017776,0.1450286853402638,0.66200332960132,0.42421108473211167
0,0.24247538648268113,0.46000593152791786,0.38006840862690616,0.20846126903090503,0.3477024710440897,0.23080329491484966,0.6327137732279147,0.6785512071094564
0,0.5423272223073516,0.7596065049363743,0.3438641192612506,0.7660480149341692,0.42070478145944734,0.38111104562538967,0.30429276488585827,0.8819428338922608
0,0.3671177593283469,0.7158694466213835,0.6926078552417366,0.41139310027872555,0.4731438427641164,0.26632926104278043,0.5725163710292447,0.466171982484611
0,0.5426859213496967,0.5582703540532965,0.14697488210750584,0.24218892771200073,0.45245119068193096,0.1143252681608203,0.3789056649056626,0.26458033867014175
0,0.17403838945871186,0.9742669308961492,0.6323111118308837,0.4775436204718769,0.6602346569222314,0.4691739200794234,0.39272868259862176,0.0580193817816439
0,0.4031207910713875,0.4191972708666836,0.5246198597860992,0.18870063850489055,0.16999333896017824,0.25759493737285566,0.5586846851113468,0.1731569214136061
0,0.29851050391215855,0.5798790612280368,0.4182366849528884,0.32577941069050026,0.4377758431492517,0.25573196175797175,0.5405152645856036,0.45881525516964417
